MatchId,Summoner,Champion,Win,Kills
6743095485,ãäåæçèé,Tryndamere,true,2
6743040296,RobTheReptilian8,Riven,true,2
6742944876,Mamaddou Shaco,Gangplank,true,2
6742739399,YOLOSWAGITE,Garen,true,3
6736713934,Sheriff Cupcake,Quinn,true,9
6733125223,TeLaMetoPorDelao,Nasus,true,6
6732673197,Philosophers,Shen,true,0
6731955521,Shushpin4ik,Kayle,true,6
6731737153,Assasin Macro,Zed,true,12
6731681305,Bran D Zoro,Jax,true,5
6731204586,Adrudia,Garen,true,9
6731124960,DOES Cullture,Shyvana,true,5
6729678505,Execute999,Yone,true,5
6729606216,WontBurnAnnieOne,Aatrox,true,10
6728745404,VaLtaPx xKs ,Riven,true,3
6728276888,Ares SF,Illaoi,true,8
6727990508,fraxxton,Sion,true,7
6727708031,Mondgulasch1,Aatrox,true,4
6727540886,Sétix,Darius,true,5
6727291117,Epitlia,Aatrox,true,5
6726591509,Fula Ankungen,Ornn,true,6
6726530575,GOLP ArKenTieL,Garen,true,11
6723979026,lane2shrek,Garen,true,5
6723951676,Jxckuth,Garen,true,4
6723679409,meselekeyif,Irelia,true,4
6723632574,KingOfBees,Jax,true,6
6722010945,firkantqt,Teemo,true,2
6721996586,011 nobody,Riven,true,2
6721402653,kid aXus,Gangplank,true,8
6721135468,nïcomvv,Yone,true,4
6720868681,antonio78520,Renekton,true,7
6720390902,Bobinizer,Syndra,true,11
6719757225,Kayes21,Irelia,true,3
6717933351,Always Free Draw,Aatrox,true,6
6712721306,HamasJiniral,Swain,true,2
6708301837,xaj1,Gwen,true,7
6707283041,AGMAA,Mordekaiser,true,5
6706245707,Vadimjke,Tristana,true,7
6700570760,Quasimodo2,Fiora,true,9
6696759851,ThriII ,Akali,true,11
6695355522,UA TheNight,Malphite,true,7
6694842848,Atopos021,Gangplank,true,16
6694054329,Gemdox,Garen,true,14
6692460382,N7 Eywee,Neeko,true,4
6692440596,putulika,Illaoi,true,6
6690676199,ZAKEL,Sylas,true,10
6676196910,M3level2,Aatrox,true,12
6675826393,Kleiner Dachs,Dr. Mundo,true,4
6675472688,Saddie Mccann,Sion,true,0
6674953747,KO DarkGunner,Kled,true,3
6673740914,loides,Mordekaiser,true,9
6673485128,NoxAl5,Morgana,true,6
6672659780,AbdoJ,Aatrox,true,12
6672111598,XelarSun,Aatrox,true,10
6670513500,Pro Muck Playerx,Teemo,true,3
6668575434,Mowsar,Teemo,true,1
6667457270,palacebonjour,Fiora,true,6
6664898593,alex78ny,Irelia,true,3
6664834905,JOOOOOOOOSEPH,Pantheon,true,10
6663706121,Maitre Bonaparte,Garen,true,7
6663675614,Abessetta,Darius,true,14
6663348163,MrNiceGuy,K'Sante,true,3
6663303692,hgsr,K'Sante,true,9
6660380305,AbleTonic,Dr. Mundo,true,7
6656398043,darkbloodfr,Malphite,true,3
6653005822,Dzow,Yone,true,5
6652960735,wnzah,K'Sante,true,9
6652152285,BoxyNatazma,Irelia,true,6
6652120719,Regø,Riven,true,2
6651790787,Vrounston,Malphite,true,5
6651459429,Papi Jugoso,Aatrox,true,4
6651399266,sleepy reaper,Dr. Mundo,true,8
6650628472,Kockeliveckuli,Quinn,true,0
6650528117,CHALICAR OTP,Garen,true,9
6648454046,MrNiceGuy,Tahm Kench,true,11
6648442063,DHollowTV,Kayle,true,1
6645632575,LeonTempest,Yone,true,19
6645600080,Ayanami is Sus,Cho'Gath,true,12
6645571466,krcruz00,Fiora,true,6
6645521358,Astarôth,Renekton,true,1
6645409154,Bhryör,Malphite,true,11
6645326432,MattoneMatto,Dr. Mundo,true,11
6645250988,naquarou,Aatrox,true,10
6645047215,martinhär,Malphite,true,1
6644179340,Baro Shoei 10,Cassiopeia,true,0
6644113914,Ucrendyla,Tryndamere,true,6
6644058377,MrNiceGuy,Urgot,true,2
6643444370,MrNiceGuy,Maokai,true,1
6641384427,MrNiceGuy,Maokai,true,6
6640351440,MrNiceGuy,Maokai,true,1
6640241573,ElMendou,Illaoi,true,8
6639411098,MrNiceGuy,Maokai,true,6
6638132908,MrNiceGuy,Maokai,true,2
6636764232,AttilaLe2,Cho'Gath,true,11
6636726282,Kimejuqogi,Jax,true,8
6635932877,SkærmKrigeren,Karma,true,2
6635894644,H0melander,Pantheon,true,2
6633937562,dontfkncarecarry,Sion,true,7
6633020468,Cray Zonder,Malphite,true,9
6632420899,Hasie,Malphite,true,5
6632128917,M3li0punch,Illaoi,true,8
6631610039,SETT IS FATHER,Ornn,true,6
6631535545,Rufozartor,Ornn,true,11
6631353217,Ostaz,Illaoi,true,10
6631051677,MrNiceGuy,Naafiri,true,1
6630775861,asfdffdf,LeBlanc,true,9
6630084211,Slave worker,Dr. Mundo,true,12
6630023104,Kani hihi,Shyvana,true,8
6629628487,MeyShennpo,Darius,true,6
6629489341,Elmoreno3210,Cho'Gath,true,9
6628726554,Frawwe,Malphite,true,10
6628670403,LuxordX1,Ornn,true,3
6628516204,WUKONG EJECUTOR,Wukong,true,11
6628400039,Rambol,Nasus,true,4
6628365652,KaraBin300mm,Jax,true,7
6628240300,SecondDimension,Cassiopeia,true,5
6628206232,Kaedama AK47,Volibear,true,4
6628174998,RoronoaZaki,Qiyana,true,13
6628086315,Peyamiyatovic,Gragas,true,4
6627384329,KingsleyDo,Sett,true,8
6627315485,GlowingLugia,Jax,true,4
6626983670,Khiristy,Garen,true,6
6626956171,MrNiceGuy,Sion,true,5
6626280232,Onthony,Darius,true,11
6626255017,AlvaRiito,Darius,true,4
6626205680, 14ned ,Camille,true,13
6626157224,Telilijedajo,K'Sante,true,1
6626088489,Sock Rolid,Garen,true,7
6624498572,uudtjj,Irelia,true,8
6623529564,Doublenapalm,Teemo,true,6
6623141687,KISSESINTHEWIND,Singed,true,2
6623099301,Tanjîro Kamàdo,Yone,true,15
6621434700,William Li,Udyr,true,6
6620464095,HYPĚR,Akali,true,5
6619303764,Rot3r Rächer,Renekton,true,9
6617462564,PTP Snejder,Shen,true,3
6617133189,Support Queen x,Tryndamere,true,6
6616915444,Mythi,Irelia,true,6
6616652683,Randagio99,Mordekaiser,true,9
6615968929,Kopfgeldkoch,Jax,true,1
6615908050,Køray,Mordekaiser,true,1
6615891646,Mam cie na f,Renekton,true,7
6615863151,deniz360,Yone,true,10
6615245304,dovakhiin702,Aurelion Sol,true,8
6615138778,The night tiger,Volibear,true,9
6613539577,Biscuitlmaozz,Urgot,true,7
6613423090,Poglotitel chaya,Sett,true,12
6612907793,Ebelerin,Gangplank,true,6
6612870219,Ich hab kb,Jayce,true,10
6612846635,Ysbaldurald,Riven,true,8
6612463487,La ßeuss,Volibear,true,2
6612220574,Gor1lla18,Illaoi,true,8
6611633122,AcePuppy,Gnar,true,10
6611095336,Xomhoé,Rumble,true,14
6610894260,chaisedebureau21,Garen,true,3
6610473725,Ðegwy,K'Sante,true,5
6610466659,Law Brow,Volibear,true,5
6610388853,KOKKO1,Akali,true,6
6609242602,Shenσbi,Sion,true,6
6608943484,SoloQGrind,Heimerdinger,true,2
6608891957,Mamutten,Sion,true,3
6608601243,PickleRick420,Aatrox,true,10
6608529223, Aspectxx,Fiora,true,5
6608076416,FreyaFamilia,LeBlanc,true,7
6608066759,TaIonIover,Vayne,true,10
6608038081,MrNiceGuy,Illaoi,true,3
6608017622,føssæ,Karthus,true,11
6607530263,GADO 23 CM,Zed,true,4
6607196534,Wazier Loves Elf,Teemo,true,4
6606828058,GarbageTrashNoob,Aatrox,true,8
6606573570,AproG12,Mordekaiser,true,4
6606450630,Dovahshan,Singed,true,4
6606387750,fb fp fb,Garen,true,4
6605950845,amigozomar,Yorick,true,6
6605904009,Versigo,Quinn,true,9
6605374022,Sergiogd7,Nasus,true,5
6605365680,DCV Sagittarius,Gwen,true,5
6605057135,MrNiceGuy,LeBlanc,true,6
6604507515,Megamìnd,Urgot,true,9
6604431349,Daryun,Tryndamere,true,7
6604185990,Sanatios,Jax,true,11
6603875934,eobjr,Garen,true,4
6603828940,MegaDooOooM,Gangplank,true,0
6603737951,Megamìnd,Nasus,true,4
6603123489,MisticStrong,Volibear,true,3
6603034509,MrSugarGrandpa66,Mordekaiser,true,17
6602661394,UnchainedJunior,Sett,true,13
6602497072,Justenothalv,Jax,true,5
6602474812,BenkyoFrodo,Kayle,true,5
6602272665,Suppau,Renekton,true,6
6600651621,Ragyan,Morgana,true,2
6600048677,Megamìnd,Warwick,true,1
6599840908,Megamìnd,Warwick,true,0
6599484063,FROM 4A TO 5A,Garen,true,3
6599431322,Megamìnd,Nasus,true,7
6598823492,Giusaurus,Urgot,true,7
6598721692,Megamìnd,Nasus,true,0
6598671816,Megamìnd,Nasus,true,4
6598468093,Mercyw,Rengar,true,13
6598299876,Chrisv723,Master Yi,true,21
6598199727,FonsiNatra,Akali,true,11
6597645859,Fernando97tini,Graves,true,4
6597484892,Kynail,Aatrox,true,2
6596206015,NV1GideonNV1,Graves,true,9
6595109846,TeemoLoveKriffen,Yorick,true,2
6595053774,dagascar01,Nasus,true,10
6594759245,Rutrarbx,Ornn,true,8
6594683160,Phoooooooebe,Tryndamere,true,2
6592788312,Hvit,Akshan,true,5
6592683812,Bobba Tankatutto,Mordekaiser,true,8
6592404429,Galdéria,Yorick,true,11
6592356926,Schæfer,Lissandra,true,16
6591895942,Dortlover,Gragas,true,4
6591758064,MVPI59,Mordekaiser,true,10
6590963491,DjSuniukas,Kled,true,15
6590747334,Miketysonpunch,Tryndamere,true,8
6589996532,Uppsala,Malphite,true,9
6589715685,jallaa,Kennen,true,7
6588602607,xEuphoriaZ,Malphite,true,4
6588553919,Golem de sueur,Mordekaiser,true,9
6587601430,Nerentel,Sett,true,7
6585016690,ESCAPEDELAN,Fiora,true,3
6582670660,dukleinerhuan,Malphite,true,4
6582356155,FirstEarthBender,Ekko,true,3
6582223611,LucidTranquility,Darius,true,9
6582038112,Sion Guku,Ornn,true,4
6581666270,GarenExpert,Gangplank,true,1
6581118119,Billy Mitchell,Garen,true,6
6580956420,Xili17,Ornn,true,2
6580930825,Siron Le Simple,Sion,true,4
6580437223,diken66,Olaf,true,26
6580316659,Sanotaro,Malphite,true,11
6580087307,iFaoZ,Tryndamere,true,11
6580033157,Garinovic,Tryndamere,true,9
6579857230,RésorbeurDeGland,Jax,true,4
6579648737,zcv89,Vayne,true,7
6579101026,Coulis au caca,Dr. Mundo,true,4
6578787797,Auto Barrel,Gangplank,true,9
6578472608,RLB Azusadier,Cho'Gath,true,9
6578217081,ReVarC,Gwen,true,12
6578060619,unknowar,Malphite,true,2
6577467486,Benjamin Mendé,Garen,true,7
6577155433,waf nik,Darius,true,13
6577037883,Oycorano,Teemo,true,9
6576723967,MrNiceGuy,Jax,true,7
6576243943,MrNiceGuy,Darius,true,2
6575264217,Skradsos,Yone,true,8
6574916230,Pencowebo ,Mordekaiser,true,11
6574676254,Fantay,Gwen,true,7
6573816854,Demassudba58,Darius,true,10
6570805305,virol,Maokai,true,6
6566911025,Camaeeleon,Dr. Mundo,true,7
6565147496,Schlafi3000,Illaoi,true,5
6562214090,YON3 UNF0RG0TTEN,Riven,true,18
6562150442,Azir aka Chicken,Ryze,true,6
6562009475,MrERigby69,Illaoi,true,1
6560825481,Mélenfion,Naafiri,true,13
6560324972,Brad Biite,Akali,true,11
6560258302,BABAbus,Gragas,true,6
6559163680,Yuumiland Paris,Fiora,true,6
6557753950,ElSonko,Renekton,true,6
6557708314,Rospo,Shen,true,9
6557052301,Oz55wR,Malphite,true,4
6555896916,NoxziusV2,Volibear,true,9
6554515109,RewoZz,Jhin,true,14
6553268746,jeägar,Malphite,true,7
6552570396,EggSniffer3000,Renekton,true,11
6551844042,D0MIN01,Shyvana,true,6
6551568930,PyroBoy,Irelia,true,13
6551187094,Graisse de fesse,Malphite,true,5
6551154748,As0p01,Ornn,true,1
6550966619,Hafenschlepper,Varus,true,8
6550916337,blissfullMANIA,Akshan,true,12
6550402148,Boogie Bomb ,K'Sante,true,11
6550207269,CôreGO ooooiiiii,Kennen,true,7
6550176600,Veigár Bot,Yone,true,4
6550121607,Makagi,Kayle,true,9
6549932299,ShInZoooo,Jax,true,16
6549877436,goredrinker diff,Fiora,true,7
6549835082,PDF File Police,Kayle,true,7
6549719672,KagarinoKirie,Naafiri,true,7
6549671780,PhillyPhally,Garen,true,1
6549608545,egobrain,Camille,true,6
6549446664,JiangsuSexDemon,Illaoi,true,9
6549190297,Folkoose,Nasus,true,3
6549159018,Gnarxy,Riven,true,5
6549053281,egg yolks,Kled,true,11
6549024556,rkrafzi,Aatrox,true,5
6548967719,AFKjokin15,Malphite,true,3
6548901129,Psychopath Ninja,Urgot,true,12
6548534222,Shayn45,Garen,true,8
6548478417,Deeztrox,Aatrox,true,14
6548440080,katapultesmorts,Nasus,true,9
6548394671,hayatımın anlamı,Yasuo,true,14
6548215608,TheycallmeBreeze,Shyvana,true,3
6548001085,lyyxjjhgr,Jayce,true,9
6547785606,fKrJeff,Ornn,true,8
6547751982,gangster swag 69,Sion,true,6
6547719394,Trynda miss R,Tryndamere,true,2
6547615624,Salatrix,Gangplank,true,2
6547531245,Skilloz,Jayce,true,11
6546766670,Negativeteammate,Fiora,true,7
6546540488,mraie22,Jayce,true,0
6545957014,Florent Apagnan,Malphite,true,8
6545901162,Couchon HALAL,Kayle,true,4
6545382001,MrNiceGuy,Naafiri,true,14
6545258368,MrNiceGuy,Naafiri,true,9
6544777003,MrNiceGuy,Yone,true,9
6544241975,BetterLuxNexTíme,Naafiri,true,11
6544179400,Gwenos Días,Gwen,true,9
6544133608,WUJUKAWS,Mordekaiser,true,5
6543824182,bigc0ckisback,Fiora,true,11
6543449323,LegionaryPlayer,Shen,true,4
6543409564,SERlAL KILLER,Jax,true,16
6543301054,you may kill mi,Maokai,true,6
6542499036,DeadlyLobster,Volibear,true,8
6542450876,tissemandimunden,Ornn,true,3
6542403235,Asmandi,Garen,true,6
6542317077,CârI Johnson,Jax,true,5
6542231101,Captain Vacoss,Darius,true,9
6542205947,karaellen89,Nasus,true,2
6541960635,Sky π,Gwen,true,6
6541762299,Madyline ,Irelia,true,14
6541452654,ShadowsQ,Pantheon,true,7
6541212629, LeoDeLion21,Volibear,true,7
6541141533,Daraenth,Rumble,true,18
6541079261,Gousedail,Darius,true,3
6539635741,MAD LittleFanBoy,Illaoi,true,8
6539513317,L9 Paysat,Illaoi,true,10
6539447453,sebolympe,Garen,true,7
6538848342,MlfOOns,Jayce,true,5
6538725464,always miss hook,Cho'Gath,true,2
6537941964,Qiwannabee,Aatrox,true,8
6537785833,BE Cyber,Garen,true,13
6537702712,Arkasus,Mordekaiser,true,3
6537049316,GriferYT,Poppy,true,4
6536992832,Shïnö,Shen,true,8
6536940545,GonzagueGonzales,Garen,true,4
6536187589,Ptifilous,Fiora,true,3
6535835117,SCHIZO JOHNNY,Gangplank,true,12
6535063448,GXLM39,Gnar,true,9
6535016511,FUNdementals,Riven,true,6
6533806359,Raining Blood,Garen,true,3
6533009960,KaktusSwag,Shyvana,true,4
6532963411,Hostage of E4,Renekton,true,5
6532691467,Tindarianeam,Irelia,true,6
6532026589,HerrZhangLC,Sett,true,10
6531945499,creatinerush,Garen,true,11
6531691222,omgIamFeeding,Garen,true,9
6531175837,Altereds,Malphite,true,3
6531117577,Remoulad,Shyvana,true,6
6530998024,BattySnogger400 ,Dr. Mundo,true,2
6530875681,last master 27,Poppy,true,17
6530430125,Nainchauve911,Gragas,true,8
6529247390,javiervv17,Gwen,true,4
6528691327,Is Always,Pantheon,true,11
6527732980,Nixenters,Renekton,true,5
6526901423,Megamìnd,Nasus,true,4
6526696197,ffhrycd,Lee Sin,true,11
6526106506,CR0TOLAMO,Mordekaiser,true,14
6525609998,Gamergirl215,Katarina,true,13
6525159333,Son Wukong,Fiora,true,0
6524841230,Halal Khalifa,Sett,true,0
6523272251,FromKarlInc,Vladimir,true,10
6522438310,I BEG U 4 HUMANS,Tahm Kench,true,9
6521564946,T1 Mojo,Gangplank,true,4
6520965441,Didraks,Mordekaiser,true,5
6517389889,BEcause i like u,Yasuo,true,6
6516773210,El Pypasso,Singed,true,3
6516527780,Chespin,Rumble,true,5
6515686837,XTheJokerX95,Teemo,true,3
6515506062,ImJ0keRr,Riven,true,7
6515358600,PETIT JEANN,Nasus,true,11
6515045344,BadMeestèr,Mordekaiser,true,5
6514720975,Bengi 2,Malphite,true,3
6514509536,Rodeo Pete,Garen,true,7
6514455697,nettar,Sion,true,1
6513396302,RafiStyle,Mordekaiser,true,5
6513331779,Ehmamacita,Aatrox,true,10
6513124816,Inidde,Gangplank,true,8
6511188376,darknighter00,Tryndamere,true,12
6511120022,heychat,Malphite,true,2
6510724524,Faker Hanma 099k,Garen,true,4
6508175348,Quirtelus BvInf,Ornn,true,6
6507525718,DuhhVoid,Kayle,true,9
6507455199,Sions,Sett,true,10
6507361110,jocelin101,Garen,true,8
6507344213,Solb MAV,Kayle,true,0
6507120242,MyNamelsKS,Tahm Kench,true,10
6506419922,Prothey,Mordekaiser,true,8
6505691845,2KC Troy,K'Sante,true,7
6504476124,RakaN 1v9,Darius,true,7
6503385682,aRoughSpringDay,Rumble,true,8
6502007960,AFGANLARA ÖLÜM ,Garen,true,7
6501954176,KalleDieWumme,Darius,true,17
6501366259,Feklex ,Mordekaiser,true,1
6500344627,W1kedWar,Mordekaiser,true,4
6498846674,Sawamura,Rengar,true,12
6498641094,Winterfields,Shen,true,4
6498429467,Pentacaca170,Darius,true,12
6498036896,Jerfhr,Mordekaiser,true,7
6497827432,lhaaj govinda,Darius,true,5
6497474834,Offmetaisthemeta,Kai'Sa,true,14
6497090206,Dreh 1 Johnny ,Gwen,true,9
6497022073,QsSUifOo2B,Malphite,true,7
6496937699,Shaeduho,Yone,true,11
6477149054,TeemoX,LeBlanc,true,4
6474804418,Shaneχ,Volibear,true,5
6446127576,Danielgssg,Malphite,true,3
6445765277,MiticaEne,Renekton,true,2
6445481787,I am new here ,Darius,true,7
6445399336,yunjins dog,Trundle,true,8
6445356352,jubdx14,Dr. Mundo,true,10
6444844217,Ellocuras,Tryndamere,true,9
6444699486,PeJotaSaurus,Warwick,true,12
6444589669,Wanpeur,Illaoi,true,5
6441659156,practicing1,Malphite,true,4
6440018246,Nacti,Darius,true,16
6435897704,Hitοri ,Zeri,true,7
6432799065,AbominableD,Gnar,true,8
6431247862,Qui Gon Yinn,Sion,true,12
6429686046,etiboni7,Sion,true,12
6426436586,Morgan FreeIo,Shen,true,2
6425914959,Cheeringmonkeyd,Ornn,true,0
6425525141,dr disgusto,Fiora,true,6
6423835333,ClΦud,Sion,true,7
6423783000,ShurimaBro,Nasus,true,2
6421512867,oO pooya Oo,Urgot,true,10
6421453825,Motors King,Kled,true,6
6419881158,luzarush,Fiora,true,1
6419047279,MrNiceGuy,Yorick,true,0
6418095534,Chop Cheese NY,Kled,true,18
6417949717,Bilgz,Illaoi,true,3
6415382279,The Paolo,Shen,true,5
6411774811,Only Jungle9 v2,Cho'Gath,true,17
6410053386,YoAreMaidenless,Gangplank,true,11
6409906425,Llenalavon,Garen,true,7
6409862452,Holyfacee,Nasus,true,0
6409784598,reality jesus,Kayle,true,9
6409067610,I αm Vengeαnce,Illaoi,true,8
6408945729,Saraebyqo,Quinn,true,3
6408752511,Mistress Cara ,Irelia,true,8
6407447146,TheHolyOne777,Shen,true,5
6404778797,Luna Tsukino,Akshan,true,5
6400628692,PaQueCxxxVuelvo,Cho'Gath,true,3
6400151838,DudoeL,Kled,true,5
6399137560,TeSpaccooo,Poppy,true,2
6397521159,Tomillodearriba,Dr. Mundo,true,2
6391055780,Proximia,Malphite,true,3
6388784856,Muneeb95,Irelia,true,5
6388460493,LiamOzil,Yorick,true,2
6387389187,ADC4Never,Jax,true,13
6385666257,SrMono,K'Sante,true,6
6381237133,Rank One Neeko,Neeko,true,7
6380660713,KarlGriems,Nasus,true,13
6380501044,xXdarkdiabétique,Darius,true,3
6379700529,RAC1ST TOPLANER,Fiora,true,8
6379064450,Grabbelton,Illaoi,true,4
6377667936,Rowns,Illaoi,true,10
6376173853,Crack Slinger ,Gwen,true,3
6372444795,GutsBerserk98,Sett,true,3
6372365953,skt 1 jwan,Sion,true,7
6372127535,Feed and Seed,Akshan,true,3
6370847845,HdH PrideStalker,Rengar,true,11
6370772278,wolfsparadra,Yorick,true,3
6370531834,DeãthHãwk,Kayle,true,7
6369994423,Cr33pcall,Nasus,true,6
6369771401,Zont Zo lt,Singed,true,2
6369424644,ICrackerI,Sett,true,0
6369362818,FreeKill55,Kindred,true,6
6368806910,Coreadorbrlp,Sion,true,4
6367591707,SupremeDemon69,Shen,true,8
6366134713,ilikegirlsss,Fiora,true,9
6365963935,ShineyTheBorg,Shen,true,10
6364832875,A Bear Appears,Sion,true,8
6364730175,ghõsτ,Cho'Gath,true,16
6364186463,Dodgethat,Teemo,true,9
6363989061,Lingpi,Olaf,true,7
6363555069,milkman62,Fiora,true,17
6363343900,Mr0Tuba I,Gangplank,true,4
6362676964,Fraffrete,Fiora,true,5
6549555527,LE QUERELLEUR,Heimerdinger,true,4
6542863270,Enzo0,Shyvana,true,12
6542807999,FP Sales,Fiora,true,4
6339385641,MXWCH,Volibear,true,3
6339270716,ScreamingEagle,Sion,true,1
6338433379,NagaGeni,Nasus,true,11
6338407553,Kathavonstom,Gangplank,true,9
6338340556,Petaland,Irelia,true,6
6337704794,Viktor Vandski,Sion,true,14
6337649664,BlastTP,Kennen,true,8
6336954133,Morningweed,Yorick,true,2
6336799572,NerfBaronPLS,Camille,true,4
6328662795,Tw1styK,Yone,true,8
6328524936,Yafox31,Sion,true,2
6327544192,try t0 ki11 me,Cho'Gath,true,11
6296786928,VálarMørghulis,Garen,true,6
6286259035,scb123,Teemo,true,17
6091260621,SeigneurDeSoupex,Shen,true,4
6091206245,Mister Dragon XD,Vayne,true,5
6090881326,Naxter123,Nasus,true,4
6089588894,R43TH,Maokai,true,0
6084001224,RoombaStär,Olaf,true,14
6081882261,jpgtron,Yasuo,true,1
6080672829,oqlyk,Udyr,true,0
6068361659,ric111,Gangplank,true,0
6049359637,Iammjmss,Cassiopeia,true,4
6046111092,after work acc,Aatrox,true,5
6046154829,0zzy Osbourne,Renekton,true,9
6045807932,Zhyqiko,Sett,true,3
6045651367,XR5i,Fiora,true,15
6045071139,Sanarair,Jax,true,4
5970479911,Chnow3,Quinn,true,11
5970396504,Níller,Quinn,true,7
5970325648,1v9 or inting ,Cho'Gath,true,5
5861423541,Gems In Ya Mouth,Fiora,true,5
6577879585,TeemoShrooms9k,Mordekaiser,true,4
6577177606,UrLoseIsKarma,Illaoi,true,15
6577091866,Dextor,Sett,true,4
6576459055,Clarityshock,Darius,true,4
6575110513,SunXiaoChuan EX,K'Sante,true,4
6574001582,derank iron now,Rammus,true,8
6571583347,IRaelagI,Malphite,true,0
6571262712,GG Eαsy,Annie,true,7
6568714349,TeemoShrooms9k,Teemo,true,1
6567782051,TeemoShrooms9k,Vayne,true,1
6567749592,TeemoShrooms9k,Vayne,true,10
6567219623,TeemoShrooms9k,Teemo,true,9
6565866412,L9 Dravenn,Rumble,true,19
6563457256,Khrophe,Malphite,true,4
6563206145,CANON A CACA,Naafiri,true,3
6561963214,TeemoShrooms9k,Teemo,true,10
6560334431,Nydge,Fiora,true,4
6559776466,TeemoShrooms9k,Teemo,true,6
6559686292,TeemoShrooms9k,Teemo,true,6
6559140670,AlejanDraco,Rumble,true,14
6558909887,TeemoShrooms9k,Malphite,true,7
6558884162,TeemoShrooms9k,Teemo,true,0
6558237909,Zagreυs,Naafiri,true,13
6558145878,DrakuLaO4ka,Vladimir,true,13
6557227910,TeemoShrooms9k,Jax,true,7
6546241841,Sundänce,Camille,true,10
6545920074,Trosdasa Arrassa,Jayce,true,12
6543449323,LegionaryPlayer,Shen,true,4
6541689177,CriminalGenius,Riven,true,10
6540342346,TeemoShrooms9k,Teemo,true,6
6539593220,TeemoShrooms9k,Teemo,true,12
6539515419,TeemoShrooms9k,Teemo,true,6
6538758925,TeemoShrooms9k,Teemo,true,8
6538720650,TeemoShrooms9k,Teemo,true,10
6538684628,TeemoShrooms9k,Teemo,true,2
6537186801,Feziaah,Darius,true,15
6537090959,VerÜ,Aatrox,true,9
6537044630,Vosseyy,Gangplank,true,7
6533891184,Goddess Nessa,Dr. Mundo,true,5
6533208376,burhito,Mordekaiser,true,0
6531993243,Dyntherale,Malphite,true,2
6530160086,ceklfs,Fiora,true,7
6527948321,Ireliaa,Riven,true,18
6526772164,PumaˉDˉAce,Malphite,true,2
6526706360,Kaperu000,Nasus,true,5
6525190021,me da amnsieda,Aatrox,true,16
6524844045,Flashyaam,Mordekaiser,true,13
6523231940,CheryleXoO,Riven,true,13
6521713677,Goderlecul,Illaoi,true,14
6519808448,coachiPt,Darius,true,5
6517954224,Alc0r,Ahri,true,10
6517808100,General Dad,Irelia,true,10
6515541940,Fullmetal Golem,Sion,true,3
6513287342,Monkey Di mitri,Malphite,true,6
6510450439,Kupecial,Renekton,true,3
6510056210,obstreperousdogs,Yone,true,4
6509948802,robby rotten,Trundle,true,14
6508972442,KEKWKEEKW,Yorick,true,4
6508904236,TeemoShrooms9k,Darius,true,2
6508690296,Breeaakz,Sejuani,true,10
6506441393,69OrnnlyFans69,Ornn,true,3
6503358170,niconemo,Jax,true,8
6497090206,Dreh 1 Johnny ,Gwen,true,9
6497022073,QsSUifOo2B,Malphite,true,7
6496950451,liz ratsnroP,Vayne,true,6
6445632948,TeemoShrooms9k,Teemo,true,1
6445190835,Xylannelipe,Pantheon,true,12
6445141450,T1 Nayuri,Mordekaiser,true,16
6443239548,GG feederino,Pantheon,true,22
6441757286,sustanon,Jax,true,2
6441570638,Sky The OuranoS,Sett,true,8
6441312236,TeemoShrooms9k,Master Yi,true,11
6441079823,TeemoShrooms9k,Master Yi,true,4
6434813582,Selum,Garen,true,10
6434204201,4v5 bc Im bad,Teemo,true,6
6434060035,Miiikoto,Irelia,true,4
6433835907,HypériôN,Camille,true,7
6432697739,SamwiseganjaV2,Fiora,true,2
6431900872,LwL Toplane,Singed,true,5
6431112648,KÖRDEL,Urgot,true,11
6430978109,qwee3eq,Volibear,true,5
6430852705,Slikspiseren,Maokai,true,3
6429707710,FlickZ932,Nocturne,true,14
6429645453,Lazzy For Fun,Volibear,true,10
6428584667,hi im Gepetto,Wukong,true,16
6428548217,TeemoShrooms9k,Master Yi,true,8
6428134586,Thiamedris,Gangplank,true,5
6422708191,ArcticTroopah,Illaoi,true,11
6420314685,Iregulare3,Jax,true,10
6418967520,FR3EDER,Gwen,true,4
6418319296,berk int acc,Vladimir,true,7
6417971986,FFG kjabe,Urgot,true,10
6417911772,9Khan,Gnar,true,5
6417870236,OG Chucky,Cho'Gath,true,3
6417570912,Troop,Zac,true,3
6417512339,didemoo,Gnar,true,0
6417075038,Sandy Nova,Vayne,true,5
6417044000,MHMHMH,Teemo,true,10
6417004135,Kleenex v2,Sion,true,2
6416994916,Raditz1504,Garen,true,0
6401610037,kamearthur,Malphite,true,9
6399054119,SeñorDeLaHierba,Wukong,true,7
6398176434,Reformed Tyler1,Tryndamere,true,6
6394999594,tjepster,Gragas,true,3
6394800510,Belbarb,Cho'Gath,true,8
6394718353,Jestem Szymon,Jax,true,8
6393104056,goitomfn,Sion,true,2
6391370339,Xoqilubae,Olaf,true,6
6391083046,Panfultr,Yone,true,3
6390483564,Sal63 ,Yorick,true,3
6388929893,udivson,Fiora,true,6
6388858043,Kreati,Veigar,true,13
6376118542,MüslimannMehmet,Jax,true,0
6368076855,SoLoTargeT,Nasus,true,1
6367872763,Montho Rush GM,Garen,true,5
6364028822,LordVaderis,Gwen,true,8
6361658993,Aucunes Emotions,Dr. Mundo,true,4
6359814100,MyDearestDoppio,Dr. Mundo,true,9
6359712453,OTP GOLD STUCK,Garen,true,6
6359609156,OTP GOLD STUCK,Urgot,true,14
6359516593,Mickhead 27,Malphite,true,5
6352613872,TE QIL YU,Garen,true,5
6349814663,OSMOSS,Camille,true,7
6349747618,Lενι,Yasuo,true,6
6349563398,Zekaaaa,Ornn,true,0
6348211017,YuanZaiTianBian,Sett,true,2
6347990746,Togglo,Olaf,true,13
6347921677,DefinitelyNotPit,Gnar,true,7
6347090766,kittyinthebushPL,Gragas,true,6
6347045733,TeemoShrooms9k,Teemo,true,15
6345711092,TeemoShrooms9k,Teemo,true,6
6345682778,EspartanoAtunero,Mordekaiser,true,7
6345667653,KidraMaster,Cho'Gath,true,5
6345523143,TeemoShrooms9k,Teemo,true,4
6345257989,outwork them,Jayce,true,10
6344256875,GokuLover69,Yone,true,0
6344226437,TeemoShrooms9k,Cho'Gath,true,4
6344126365,TeemoShrooms9k,Teemo,true,1
6344052337,sombre mélodie,Camille,true,12
6342623818,Dare my HooK,Darius,true,16
6342283647,TeemoShrooms9k,Nasus,true,9
6341816077,TeemoShrooms9k,Teemo,true,3
6341033954,TeemoShrooms9k,Teemo,true,9
6341036462,TeemoShrooms9k,Teemo,true,0
6341015943,Arto Chirva,Aatrox,true,4
6340987057,TeemoShrooms9k,Vayne,true,6
6340872769,TeemoShrooms9k,Vayne,true,8
6340756716,seed22,Kayle,true,6
6340499593,AjarJarJar,Cho'Gath,true,2
6337991229,Lυcky Lυke,Mordekaiser,true,9
6337915677,LastMelody,Tahm Kench,true,10
6337117936,xX Pirate,K'Sante,true,9
6336661108,Ace99,Sion,true,11
6336470344,Kolos,Sion,true,1
6335953856,Mid Reysi,Malphite,true,3
6335201332,talon cant carry,Vladimir,true,6
6335134939,TEM Sesno,Heimerdinger,true,6
6335114215,TeemoShrooms9k,Teemo,true,0
6333797282,Grasfurzer,Dr. Mundo,true,7
6332670252,flowing matter,Janna,true,4
6331360129,GaMeRPOoL,Garen,true,4
6331106702,TeemoShrooms9k,Teemo,true,9
6330576943,Iseporep,Darius,true,12
6330358243,TeemoShrooms9k,Teemo,true,4
6330298897,Cyber Filth,Malphite,true,7
6330204072,CF Faisal,Qiyana,true,9
6330048829,Raymanledémembré,Kennen,true,7
6328850411,TeemoShrooms9k,Teemo,true,6
6328047693,2I0I19,Fiora,true,8
6326404481,TeemoShrooms9k,Teemo,true,7
6325138015,s1aveofkaisa,Fiora,true,1
6325071450,TeemoShrooms9k,Teemo,true,11
6323016239,TeemoShrooms9k,Teemo,true,6
6322512739,Meliodasik,Jayce,true,6
6321664405,TeemoShrooms9k,Teemo,true,6
6321647206,TeemoShrooms9k,Teemo,true,3
6321619841,TeemoShrooms9k,Teemo,true,2
6321438662,TeemoShrooms9k,Teemo,true,4
6320489496,TeemoShrooms9k,Teemo,true,5
6320451968,TeemoShrooms9k,Teemo,true,7
6319466188,Jud Le Chapô,Yasuo,true,14
6317279473,thepunisherback,Garen,true,17
6317119770,hjmt07,Fiora,true,8
6316082724,TeemoShrooms9k,Teemo,true,13
6315417817,TeemoShrooms9k,Teemo,true,6
6315123935,Menthe,Garen,true,6
6315024792,fjilh,Kayle,true,10
6314973419,prima15,Fiora,true,7
6314595366,TeemoShrooms9k,Shen,true,11
6314329698,TeemoShrooms9k,Teemo,true,4
6313468513,Suffering Kitten,Malphite,true,6
6313035082,TeemoShrooms9k,Teemo,true,4
6309512459,TeemoShrooms9k,Teemo,true,5
6309008224,Peelgrim,Ornn,true,3
6306304048,sch3bb3,Vladimir,true,3
6305835171,I am Misko,Ekko,true,3
6303852871,TeemoShrooms9k,Teemo,true,3
6303707313,Heddils,Gangplank,true,5
6303655374,TeemoShrooms9k,Teemo,true,3
6302553712,Furry Roleplayer,Tahm Kench,true,8
6302479480,TeemoShrooms9k,Teemo,true,3
6302359465,TeemoShrooms9k,Teemo,true,7
6302287119,TeemoShrooms9k,Teemo,true,13
6302078966,Whit,K'Sante,true,3
6302015408,Abdey,Cho'Gath,true,10
6301835734,Shanks Le Roux,Olaf,true,8
6300754163,SiiiiWan,Zac,true,9
6299726600,TeemoShrooms9k,Teemo,true,5
6299641418,TeemoShrooms9k,Teemo,true,8
6297506887,RANDO 1V9,Ryze,true,7
6297423439,TeemoShrooms9k,Teemo,true,6
6296350632,TeemoShrooms9k,Teemo,true,16
6296091249,GadrielzStewart,Yone,true,9
6295112649,A S K A L I,Yorick,true,4
6295060379,Chiringol213,Fiora,true,4
6294716181,Pholanxx,Aatrox,true,9
6294563070,AeroSwift,Camille,true,9
6293804795,Night YueD,Garen,true,6
6293075722,teub qui fouette,Olaf,true,12
6293016661,daiser0815,Heimerdinger,true,6
6292725390,Sexual  Pandà,Singed,true,4
6292437516,Garex105,Fiora,true,2
6290639219,Tchoupì,Ornn,true,6
6289868886,imdizle,Nasus,true,14
6289812592,Kassarmin,Olaf,true,2
6289747300,PATRI Z0RRA,Camille,true,7
6289705729,Revesix6,Garen,true,5
6288778871,SlMPED,Lee Sin,true,9
6288302710,Erich,Darius,true,7
6288248948,BindingOfTop,Camille,true,4
6285821702,YalldrinkingCµm,Akshan,true,8
6285502639,XCVll,Zed,true,14
6285441073,DIOR DENIM FLOW,Jayce,true,7
6284083756,Jon Boviii,Urgot,true,3
6283777649,sąvagè,Gangplank,true,8
6283702514,Δkàlí,Jarvan IV,true,26
6283499322,Reamax,Darius,true,1
6282456718,Ksv again,Garen,true,8
6282376996,GGT2Soul,Gragas,true,8
6282224192,skail,Renekton,true,8
6281300508,akirafromkanada,Sion,true,9
6280865541,vamos is here,Mordekaiser,true,11
6280216394,åaå,Garen,true,12
6280176716,Im Nezuko,Irelia,true,16
6279074183,Anivia IsNot KFC,Anivia,true,8
6278709821,bdllxa,Udyr,true,4
6277731561,Der Masergamer,Garen,true,11
6276458905,HiddenMark,Darius,true,17
6275464094,Sett Tate,Irelia,true,5
6273232307,Sergiusz15593,Kled,true,11
6273183719,TeemoShrooms9k,Teemo,true,6
6273111627,Sckorinx,Olaf,true,9
6272054489,RollinforTrollin,Jayce,true,5
6269088439,TeemoShrooms9k,Teemo,true,16
6268978505,Warwick on Tilt,Rengar,true,10
6266422555,KÂNO,Yorick,true,9
6265733392,TeemoShrooms9k,Teemo,true,4
6264971302,TeemoShrooms9k,Teemo,true,11
6264311248,TeemoShrooms9k,Teemo,true,7
6264266944,void03,Irelia,true,2
6263996755,TeemoShrooms9k,Teemo,true,7
6263789417,TeemoShrooms9k,Teemo,true,4
6262939092,Ainder,Urgot,true,11
6261799490,TeemoShrooms9k,Teemo,true,8
6502007960,AFGANLARA ÖLÜM ,Garen,true,7
6501954176,KalleDieWumme,Darius,true,17
6383584760,KΛII,Sett,true,5
6380499314,MADΕ IN HEAVΕN,Bel'Veth,true,5
6359635080,SaluMek,Malphite,true,5
6358222261,ElSmith,Olaf,true,10
6358155675,SatOrnn,Ornn,true,5
6356923765,iTaVe,Teemo,true,4
6356728837,PuppyNoodles,Mordekaiser,true,18
6356594808,idoofe,Cho'Gath,true,7
6352532536,Luwbe01,Kled,true,6
6352477505,iBlackHole,Trundle,true,2
6350882179,ezelsior,Yasuo,true,4
6346971964,Kalobitar,Aatrox,true,2
6346653462,La Pat0une,Malphite,true,7
6345370553,Sisifo Feliz,Olaf,true,13
6344041908,Asif D,Quinn,true,10
6343933471,Apmod on TwTv,Camille,true,7
6343855760,M0MMY BELVETH,Sion,true,3
6343527896,Serkong,Jax,true,5
6342517278,MrNiceGuy,Illaoi,true,7
6342333263,DemonPanda,Malphite,true,8
6342273745,PeneKton,Renekton,true,2
6342179925,Savage Wolf,Malphite,true,11
6341667017,Ndoniii,Aatrox,true,3
6341605150,RockyAura,Illaoi,true,5
6340999412,No Homo Katarina,Tahm Kench,true,3
6340862734,BerryParad1se,Yone,true,6
6340606019,Jonisz,Cho'Gath,true,8
6338089900,My huny punny,Dr. Mundo,true,2
6337998896,PequeñoTeemolás,Nasus,true,7
6337936986,MrNiceGuy,Urgot,true,1
6337791553,Beaverdlck2710,Kled,true,3
6337289125,MrNiceGuy,Urgot,true,16
6337224260,Rayoxx,Singed,true,7
6337209998,KIMĄRĄTĄ,Jax,true,0
6336379683,TristakSmDk,Ryze,true,7
6336322584,Chychum,Riven,true,3
6336216408,El menino du ORO,Sion,true,3
6335094314,Ivan709,Mordekaiser,true,4
6335040749,TopASaurusRex,Yorick,true,2
6334695262,Megaboxer,Poppy,true,4
6333700815,Kunada Frozen,Vayne,true,17
6333627978,Drav1on,Ornn,true,2
6332045069,shyMIKATO,Kai'Sa,true,9
6331880096,Verge Dynamique,Olaf,true,6
6330404410,PsychoParrot,Warwick,true,15
6330352827,Bout 2 bois,Olaf,true,8
6328901956,Salut Brifie,Malphite,true,6
6328774551,Mustnotbetoxic,Olaf,true,18
6326573951,MrNiceGuy,Kled,true,9
6326151696,MrNiceGuy,Urgot,true,11
6325559653,NoPainNoGainnn,Aphelios,true,5
6325333493,DRlLL,Ornn,true,7
6323049520,Gonzalost,Teemo,true,4
6322483949,IpKiller,Nasus,true,14
6322434772,jokerBe,Dr. Mundo,true,3
6322349647,SîÑz,Garen,true,5
6322272015,L0LXDDDD,Jax,true,12
6318569428,The Omega UJ,Shen,true,3
6318451031,IncoNitoW,Jax,true,8
6317364061,Gratmoilsac,Garen,true,5
6317299945,I EAT GLU,Sion,true,2
6316126526,Ptitnoish,Lucian,true,4
6316056084,EbolaMonkey,Gnar,true,1
6315804833,im NOT arten,Tristana,true,12
6315502561,JoyJapse04,Riven,true,3
6314819870,Naakah,Aatrox,true,7
6313467230,The Omega UJ,Shen,true,1
6309977326,The Omega UJ,K'Sante,true,4
6309597904,zackblamiert,Urgot,true,5
6309013217,The Omega UJ,Sion,true,7
6307358148,ElTrotro317,Darius,true,1
6303814840,The Omega UJ,K'Sante,true,10
6303767592,Nachorly,Ornn,true,4
6302506250,1HP Seπραi,Darius,true,7
6302452653,JusticeDeLaForêt,Garen,true,18
6302391527,The Omega UJ,K'Sante,true,6
6302293999,The Omega UJ,K'Sante,true,5
6300926527,The Omega UJ,K'Sante,true,6
6300822956,IlTyra2358,Sion,true,5
6300762026,Gabbeh,Kayle,true,10
6299856915,AOF Lexmiya,Kayle,true,5
6299800277,Ximoregamr,Irelia,true,11
6299713004,The Omega UJ,K'Sante,true,7
6299628600,The Omega UJ,K'Sante,true,4
6298623539,The Omega UJ,K'Sante,true,5
6298545296,Ågren,Graves,true,1
6298501106,The Omega UJ,K'Sante,true,2
6297598642,The Omega UJ,K'Sante,true,6
6297485780,The Omega UJ,K'Sante,true,11
6297399360,Kiddyboy,Gragas,true,8
6296340250,The Omega UJ,K'Sante,true,4
6296108580,The Omega UJ,K'Sante,true,5
6295285414,The Omega UJ,Urgot,true,4
6295242103,The Omega UJ,K'Sante,true,9
6293784541,ACE Faker,Jax,true,5
6292926728,The Omega UJ,K'Sante,true,2
6292727144,Xhedrax,Maokai,true,3
6291954289,yandrak888,Olaf,true,4
6289351162,kjztr,Aatrox,true,2
6289244835,The Omega UJ,K'Sante,true,2
6288044145,The Omega UJ,K'Sante,true,12
6285134455,adami444,Garen,true,11
6285091843,The Omega UJ,Garen,true,5
6285020788,The Omega UJ,Urgot,true,10
6282474534,The Omega UJ,Malphite,true,5
6282330226,WeedForSpeed,Darius,true,5
6282237040,The Omega UJ,Mordekaiser,true,6
6281043404,The Omega UJ,K'Sante,true,5
6280967898,ShinySunny,Fiora,true,11
6280011689,Spoone,Mordekaiser,true,5
6279680715,TheOneWay,Kai'Sa,true,7
6279630649,Yooko,Quinn,true,4
6277519001,6ottt,Kled,true,5
6277473991,Broder Botlane,Mordekaiser,true,7
6277413199,AxÏnos,Alistar,true,5
6277088076,Jointdétanchéité,Garen,true,4
6275907119,Bommel12345,Ornn,true,10
6275816768,tempvaklmzzoinio,Nasus,true,4
6275656350,tobyyy420,Nasus,true,15
6275470583,MrNiceGuy,Darius,true,5
6273498192,Nosp,Warwick,true,13
6273431226,sung choi korea,Lux,true,13
6273209949,MeowKayZe,Yone,true,13
6272767483,Cliffyy4,Fiora,true,4
6272703322,SaltyJazz,Garen,true,9
6271370390,Deathsmonkey,Darius,true,14
6271316955,siilverbaack,Yorick,true,16
6269697245,Pipolas,Garen,true,15
6269663726,Worrius,Nasus,true,3
6268675079,Abg del diablo,Shen,true,9
6268606564,Kizumy1,Dr. Mundo,true,8
6267575158,GaarenSpintowin,Garen,true,7
6264991284,MiauczekMugiwara,Morgana,true,7
6264897759,Parry Hilton,Mordekaiser,true,3
6260470088,gerardofaker,Fiora,true,7
6259823667,Kalabitat,Mordekaiser,true,6
6259631123,AyceLOL,Yone,true,6
6061419285,LaPlumo,Darius,true,6
6061393981,3v5BOTDIFF,Tryndamere,true,12
6061014996,The Omega UJ,Urgot,true,8
6048924482,trist76,Teemo,true,3
6047066225,Lucrum,Udyr,true,2
6046343127,The Omega UJ,Mordekaiser,true,4
6044373818,Africa yasuo,Nasus,true,4
6043248100,Azordep,Fiora,true,16
6043110339,PEPEPEX,Riven,true,6
6043034518,Zed not broken,Akali,true,7
6042090585,TckzFTW,Sion,true,7
6041639000,LiLb0ii,Gangplank,true,8
6041149816,SmokingInYourJG,Aatrox,true,4
6041144684,Sexy Poulpi,Sejuani,true,4
6040913604,LunaRaye,Fiora,true,10
6040835257,mmoreras,Renekton,true,4
6040319874,Irelia0nIy,Yone,true,7
6038716861,Otari0 Gonna Do ,Volibear,true,6
6038664136,Nerf Froozey pls,Gwen,true,1
6038603528,masane00,Ornn,true,3
6038496709,DrImpuls,Sion,true,2
6038032305,Gryvos,Tahm Kench,true,9
6038076409,rj98,Yorick,true,11
6037968068,RedBuII 473mI,Garen,true,7
6037897756,Wilmer345,Lillia,true,8
6037409965,4th Texas Inf,Yorick,true,4
6036047024,Magret de canard,Renekton,true,11
6035611782,Badnaturex,Illaoi,true,3
6035497163,MrNiceGuy,Jayce,true,10
6035427451,MrNiceGuy,Sion,true,4
6035300407,MrNiceGuy,Darius,true,10
6034966440,Lenny Le Maudit,Varus,true,13
6034798710,xNoCryptx,Yone,true,6
6033858538,fettHORA,Illaoi,true,14
6033922870,boostedboyrip,Trundle,true,10
6033441991,SignorinoT,Aatrox,true,15
6033298610,Loveshed,Jax,true,6
6033073788,SKT HEAVYBACK,Garen,true,13
6032909587,Ocram454545,Shyvana,true,17
6032183457,The Omega UJ,Urgot,true,4
6032038868,wenemongolò,Riven,true,10
6031951820,The Omega UJ,Sion,true,2
6031704612,The Omega UJ,Mordekaiser,true,10
6031675900,The Omega UJ,Urgot,true,3
6030562187,The Omega UJ,Urgot,true,4
6030481870,Evilbunny1234,Darius,true,22
6030087201,Griffiques45,Sett,true,5
6030037281,The Omega UJ,Urgot,true,5
6029912559,LELE590000,Mordekaiser,true,11
6029851686,The Omega UJ,Urgot,true,3
6029802472,The Omega UJ,Malphite,true,5
6029715652,LeIouchee,Warwick,true,14
6029682849,The Omega UJ,Sion,true,0
6029590537,The Omega UJ,Malphite,true,4
6029204086,The Omega UJ,Malphite,true,3
6028869731,The Omega UJ,Urgot,true,13
6028364580,The Omega UJ,Sion,true,2
6027632944,The Omega UJ,Malphite,true,8
6026713576,RyVeN123,Aatrox,true,6
6026055126,OTP WOODEN,Kayle,true,11
6025681996,mafioso manny,Fiora,true,6
6022905923,The Omega UJ,Yorick,true,1
6022606038,Dopybaby,Teemo,true,7
6022345857,munken04,Garen,true,12
6022215484,Yjn,Jax,true,9
6022170721,Buddy Casino19,Kayle,true,9
6021419932,jokko,Swain,true,8
6021355872,jokko,Swain,true,5
6021130095,GuiBron,Lillia,true,6
6021123347,MrNiceGuy,Vayne,true,2
6020840391,Komg,Sett,true,4
6020623929,Äwäkën,Darius,true,4
6020578505,Medandsarton,Darius,true,6
6020601831,Deltaleader5678,Fiora,true,5
6019897253,MrNiceGuy,Sivir,true,14
6019510059,coca babas,Teemo,true,7
6019445059,Minato On Bush,Nasus,true,6
6019411983,DaVinci44,Shyvana,true,3
6019301530,The Omega UJ,Sion,true,11
6018442975,The Omega UJ,Renekton,true,2
6018061321,The Omega UJ,Sion,true,10
6017902325,WienerBandit,Tryndamere,true,5
6017682210,The Omega UJ,Yorick,true,10
6015730628,badzi69,Tryndamere,true,6
6013763517,The Omega UJ,Malphite,true,5
6013670234,The Omega UJ,Garen,true,8
6013634847,The Omega UJ,Mordekaiser,true,3
6013567644,The Omega UJ,Sion,true,4
6013010135,Messias258,Olaf,true,9
6013065033,61kevser08,Darius,true,3
6013020739,Fear274,Kayle,true,3
6012863344,The Omega UJ,Malphite,true,5
6011426628,12314564,Darius,true,6
6011381775,The Omega UJ,Yorick,true,5
6010600442,LukaYug,Cassiopeia,true,4
6010115039,io e 9 ritardati,Yasuo,true,1
6009622424,Best CuSn EU,Heimerdinger,true,2
6009457099,Giantpanda06,Shyvana,true,3
6009440750,Lxgiarr,Warwick,true,10
6009423361,Izanami Slayer,Yasuo,true,7
6007270081,shmidi,Kayle,true,7
6005917584,Nekha,Fiora,true,11
6004319763,Bachelor Vwl,Sion,true,8
6004325722,FriteradKokosnöt,Gragas,true,2
6004052485,ArsjPaaFlammer,Irelia,true,3
6003915159,MrNiceGuy,Neeko,true,11
6002457586,in the brush,Camille,true,13
6002137627,The Omega UJ,Malphite,true,3
6001822398,nicoxyz35551,Fiora,true,7
6001678686,The Omega UJ,Malphite,true,3
6001168498,The Omega UJ,Malphite,true,2
6000218620,CmB Maggozz,Urgot,true,11
5999504734,xMichii,Yorick,true,2
5998962282,The Omega UJ,Sett,true,9
5998425158,The Omega UJ,Yorick,true,5
5998421755,Gigantic,Shaco,true,7
5997812510,The Omega UJ,Mordekaiser,true,2
5997630856,The Omega UJ,Garen,true,3
5996788587,The Omega UJ,Garen,true,13
5996844096,The Omega UJ,Sett,true,14
5996801149,The Omega UJ,Yorick,true,6
5996199710,gsboy28,Gwen,true,11
5996152169,Erankoh,Malphite,true,15
5996042883,Davosinh ,Tahm Kench,true,2
5995998143,SuikAl,Garen,true,6
5995974802,magk1,Dr. Mundo,true,10
5993654148,Boggo98,Mordekaiser,true,14
5993337332,Ombiax,Dr. Mundo,true,10
5993127538,Liljay Netz,Nasus,true,10
5993103267,DIO KENNEN,Mordekaiser,true,5
5992077672,3Elo,Mordekaiser,true,10
5991999121,gsboy28,Mordekaiser,true,14
5991993342,Galaz,Sion,true,3
5991936854,Łûcky,Garen,true,4
5991791375,Haıder Ackermann,Akali,true,9
5990807837,RΛOUL DUΚΞ,Vayne,true,4
5975437086,Bravery II,Fiora,true,12
5973039093,Toonijn,Urgot,true,9
5968413736,HShieldPro1,Kled,true,7
5968259388,RDE veskitty,Teemo,true,7
5966749123,Mans Nøt Mid,Mordekaiser,true,1
5965299200,MrNiceGuy,Gangplank,true,12
5965281487,MrNiceGuy,Jax,true,11
5962282599,Sunnysmile,Teemo,true,4
5962138111,BelVandam,Tristana,true,9
5959402769,le simco,Olaf,true,6
5852954457,m0oTzEuBi,Yorick,true,0
5852829104,Smythhh,Swain,true,3
6750780968,Gruiku,Varus,true,4
6749618248,S Ξ N S Ξ N,Nidalee,true,7
6749560311,STREYYYYYYY,Olaf,true,9
6749448711,C11H15ΝO2,Cassiopeia,true,8
6749318216,CargoRacerZoom,Tryndamere,true,4
6749257007,Vermax,Sejuani,true,6
6749221669,Nemiens,Sett,true,7
6747998999,Kortas int acc,Irelia,true,8
6747628745,Forestingboard,Ornn,true,4
6746763721,Lingwi,Renekton,true,8
6746475448,DJ AATROX,Vladimir,true,4
6746404001,UV Degcube,Olaf,true,4
6746262381,Night mid slayer,Gwen,true,6
6746180149,OwnBoss,Fiora,true,4
6745053951,Nemiens,Sett,true,6
6744994547,TTV KERBEROS LOL,Vayne,true,8
6743513322,ssysmte,Riven,true,7
6743476197,Kızıl Ay Yıldız,Jax,true,3
6742036020,Theoloris,Poppy,true,8
6741901053,Levis Pain,Riven,true,6
6741833114,ΛzαzeL,Garen,true,6
6740558955,Rospija,Camille,true,8
6740510817,Sangrod,Camille,true,9
6740428818,PoťDeMoutarde,Fiora,true,16
6740368012,twtv ollip,Kayn,true,13
6740289759,Melonik sama,Yone,true,6
6739225142,danlì,Janna,true,3
6739161127,Kızıl Ay Yıldız,Jax,true,6
6739090610,Jordæn,Sett,true,7
6738964689,Garcia José,Jayce,true,6
6738889758,Ranthiel Soprano,Warwick,true,4
6738772384,NlREO,Renekton,true,7
6738696427,ISHOWTHEMEÂT,Lee Sin,true,2
6737497644,Axo Bad Boy,Malphite,true,5
6737466632,2001 02 04,Varus,true,6
6737401229,bodaZZZ,Olaf,true,3
6736411650,Bobigseu,K'Sante,true,3
6736302882,WAO KING 1,Olaf,true,9
6736253318,Horthy katonája,Jayce,true,2
6736193860,CargoRacerZoom,Tryndamere,true,2
6736091660,Kyrie Swervin,Camille,true,7
6736032811,Tyräel,Renekton,true,19
6735995735,Kortas int acc,Malphite,true,8
6735858771,Goblinslayzr,Fiora,true,1
6735839485,Kortas int acc,Olaf,true,11
6735828749,Kanske,Olaf,true,0
6734708411,F0rceOfW1LL,Camille,true,8
6734684862,FengDere,Aatrox,true,0
6734586094,Kuþuś,Ornn,true,1
6734563197,Goblinslayzr,Fiora,true,6
6733838126,NlREO,Renekton,true,2
6733701960,Hοllow Knight,Shen,true,4
6733649818,UNV Gravesen,Olaf,true,5
6733603146,300pregabalin,Jayce,true,8
6733466627,pervert23,Poppy,true,10
6733387927,OneTwoTrickFour,Teemo,true,2
6733307947,0beIisk,Aatrox,true,6
6733171497,Riddelbrinft,Irelia,true,7
6733136150,StarGuardianRell,Vayne,true,4
6733077610,Riddelbrinft,Yone,true,5
6731736736,Kızıl Ay Yıldız,Jax,true,4
6731671259,Spoodersussi v3,Rumble,true,12
6731639559,Garcia José,Renekton,true,3
6731586942,BK alishor,Yasuo,true,6
6731554921,PolskifokFanboy,Olaf,true,9
6730310912,Miκe Tyson,Ornn,true,8
6730250839,XYΖ,Darius,true,10
6730039101,Bewbiou,K'Sante,true,3
6729012318,XYΖ,Sion,true,3
6728914740,TTV KERBEROS LOL,Jax,true,4
6728851199,El Gallegoaleman,Poppy,true,4
6728819505,Garcia José,Renekton,true,3
6728757849,V3v2A7Q0Z3Q7Z6,Riven,true,14
6727499934,Crowno,K'Sante,true,4
6727439180,pedro jose,Yone,true,12
6727231714,waterenjoyer123,Jax,true,3
6727199479,Pandaa Is Legend,Yone,true,6
6727099110,Night mid slayer,Renekton,true,2
6725819371,Kaiserroulade,Warwick,true,10
6724820405,V3v2A7Q0Z3Q7Z6,Riven,true,13
6724715326,Mighty Mouse G,Aatrox,true,10
6724666548,KNEEL MORTAL,Yasuo,true,5
6724620663,KNEEL MORTAL,Jayce,true,1
6724294733,septico1,Jax,true,14
6724152403,luncafoer,Rengar,true,4
6724076359,Bewbiou,Kennen,true,5
6723962355,NanahiraLover,Riven,true,4
6722553260,Jordæn,Pantheon,true,5
6722483256,Kuþuś,Sion,true,2
6722394179,Angelzz,Nasus,true,9
6721134311,ihsneS,Aatrox,true,8
6719487821,Sal Terrae 2,Renekton,true,8
6719448719,Nice Guy Ben,Varus,true,6
6719403920,DA SIE GRAĆ,Gnar,true,14
6719359959,WAO KING 1,Jax,true,22
6719322320,Nice Guy Ben,Trundle,true,4
6719288524,Night mid slayer,Yone,true,4
6719238403,MoccaBabe,Udyr,true,4
6718100902,f0rthedifficult,Gangplank,true,1
6717990648,SlNGED,Singed,true,3
6717937306,SlNGED,Singed,true,2
6717859134,pedro jose,Yone,true,5
6716475984,Loose Ends999,Yone,true,5
6716430618,Ashen Shogun,Shen,true,4
6716399844,choeuje,Rumble,true,5
6716379556,chenzelot,Rumble,true,12
6716348617,OwnBoss,Yone,true,13
6716320744,Inca2,Riven,true,5
6716304584,IHG PolskiKoz,Jayce,true,8
6715054824,xLinayaa,Jax,true,8
6704975245,ye im chaos,K'Sante,true,5
6704942498,ye im chaos,K'Sante,true,4
6703976756,Nillee,Aatrox,true,10
6703910840,Kaiserroulade,Warwick,true,7
6703592187,Go Ha Go Ha,Varus,true,11
6632887544,Tojî Fushîguro,Lee Sin,true,11
6631831339,Jaycey Pinkman,Renekton,true,5
6631545107,TwTv Raideru,Olaf,true,11
6630182478,OOPPI,Heimerdinger,true,4
6628920258,TTV Potent213,Pantheon,true,7
6628871113,TTV Potent213,Fiora,true,11
6628756531,Zueb,Aatrox,true,4
6627722913,L9RAT DE CHAMBRE,Garen,true,11
6627592423,thx for carry,Olaf,true,5
6627534349,Ritari 3,Jax,true,6
6627469346,CR7 secret acc ,Jax,true,12
6627314126,stardewvalley67,Vayne,true,6
6626421267,topAGENT070,Renekton,true,10
6626312719,ˆoˆ ˆoˆ,Vayne,true,3
6626020946,Êrsin,Gnar,true,3
6625997779,OmarwL,Yone,true,8
6625949570,PLUS LE CHOIX,K'Sante,true,8
6625171125,ƒαther,Ekko,true,5
6625107423,I rank 1 ,Yone,true,1
6625086356,ZONGO LE DOZ0,Sejuani,true,6
6625043277,take every trade,Rumble,true,2
6624984433,Alexander Grêat,Irelia,true,10
6624962823,JUNGK31NG,Malphite,true,4
6624892941,YouXiaoYou,Renekton,true,6
6624756757,sumyeong danchug,Akali,true,12
6623381208,Hey im using LoL,Aatrox,true,3
6623273477,NICKI NICOLEE,Poppy,true,3
6618547786,7 7 7 7,Vayne,true,16
6618421298,Kakan,K'Sante,true,2
6618324296,Quinncidence,Mordekaiser,true,9
6618296399,SINMIVAK 2026,Jax,true,6
6617130371,Raven2,Renekton,true,4
6617092400,ARTMS Strategist,Akali,true,10
6617082722,Jαvier,Cassiopeia,true,6
6617049937,SΟTSY,Briar,true,3
6616033770,ˆoˆ ˆoˆ,Quinn,true,9
6615932436,ProtectShutdowns,Shen,true,4
6614599952,Kamiloo,Fiora,true,6
6614558039,NanahiraLover,Riven,true,3
6614520176,Crowno,Karma,true,2
6614460491,xanax bar,Yasuo,true,13
6613427695,KERBEROS LOL TTV,Camille,true,4
6613332391,next brokenblade,Akali,true,12
6612180315,Rayzorac,Olaf,true,15
6612103281,dejan1,Riven,true,12
6611872810,skygge kriger,Volibear,true,4
6610855657,DA SIE GRAĆ,Kennen,true,4
6610659217,Agurin,Kha'Zix,true,8
6609595939,Egzôrzist,Gwen,true,1
6609552806,ewok de la foret,K'Sante,true,7
6609509165,KNEEL MORTAL,Aatrox,true,4
6609465336,Nooyk,Graves,true,8
6608731641,Red Winter,Yone,true,12
6607705280,Nugurisfriend,Aatrox,true,3
6607653424,Lord Lunddorf,Renekton,true,3
6607276267,TTV H0rnlime,Warwick,true,10
6605808204,LegendRX,Ornn,true,1
6605657329,G2ThreeEyedSwain,Aatrox,true,10
6604420884,Danilo123,Dr. Mundo,true,2
6604367074,latarsito,Renekton,true,5
6604274507,Π Λ T,Kayle,true,7
6604232542,Top matters,Jayce,true,7
6602848397,RobertBrännström,Yone,true,13
6602821266,Red Winter,Tristana,true,4
6602790076,Raven2,Renekton,true,2
6602769470,Raven2,Renekton,true,4
6597269472,mad at pixels xD,Sylas,true,5
6597180117,play tank doggie,Vayne,true,9
6597098082,Eau pure,Garen,true,6
6597028116,4ever young,Riven,true,3
6595080691,lnferiorities,Darius,true,5
6590982105,psptk,Camille,true,10
6589789081,Competitor,Zed,true,8
6589716416,dejan1,Renekton,true,5
6589605801,Kyrøu,K'Sante,true,2
6588517027,KyM,Riven,true,9
6588480695,Shikari,Kennen,true,0
6588388592,Moché,Camille,true,9
6587541346,Return of Raider,Darius,true,4
6587371891,Dr Sburo,Darius,true,12
6587144364,sili bili,Pantheon,true,2
6586177358,Zueb,Aatrox,true,3
6586140538,septico1,K'Sante,true,12
6586032911,La Streyance,Garen,true,5
6585909323,Tyräel,Sion,true,5
6585880603,Jordæn,Pantheon,true,9
6585813757,bala1,Gnar,true,2
6585785928,septico1,Teemo,true,2
6585159425,Graveset,Shen,true,4
6585068544,Maaaark,Poppy,true,4
6585017867,TPCL,Renekton,true,4
6584903388,Vizícsacsi,Ornn,true,5
6584870161,SionAra TopTower,Sion,true,2
6584739633,Kuþuś,Ornn,true,7
6584664965,RaiderGO v2,Jax,true,8
6583450032,XxCrushingxX,Taliyah,true,12
6583316109,Kât l ï Äm,Jax,true,11
6582566718,LP Printeren,Shen,true,2
6582492336,Shikari,Renekton,true,8
6582467909,KNEEL MORTAL,Renekton,true,3
6582237578,Agurin,Dr. Mundo,true,1
6582137166,ˆoˆ ˆoˆ,Quinn,true,5
6582074047,Kündzior123,Riven,true,4
6582058751,Kündzior123,Riven,true,2
6582031793,Haster 1,Renekton,true,5
6581586718,Iziio,Yone,true,7
6581544060,T1 Z3US,Rumble,true,3
6581406973,Flàsh McQuinn,Gragas,true,9
6580986647,Wo Shi Shanyang,K'Sante,true,4
6580923506,Zueb,Aatrox,true,6
6580899682,Zueb,Aatrox,true,2
6579848445,C7 BLACKSTAR,Renekton,true,4
6579792931,Lingwi,Gnar,true,2
6579755089,Tojî Fushîguro,Renekton,true,3
6578687999,Iove zed,Zed,true,11
6578574128,Briefcase Man,Dr. Mundo,true,4
6578342067,Sleqzy,Yone,true,6
6577402273,Sssuperset,Rengar,true,13
6577354923,Sherkachat,Fiora,true,10
6577238531,SINMIVAK 2026,Renekton,true,15
6577146608,topAGENT070,Renekton,true,4
6577039199,Theocacs,Renekton,true,8
6573424288,McNuggets Maker,Rumble,true,5
6573399625,Nature Of Time,Irelia,true,10
6573323546,NieUfamCiJezu12,Renekton,true,4
6572119906,BeautifuI Lies,Cassiopeia,true,1
6572088586,Nooyk,Riven,true,2
6571941760,Dhaedraa,Pantheon,true,5
6491901432,Anathemas,Dr. Mundo,true,11
6491852075,i am Shrimp,LeBlanc,true,5
6491599432,SG Hunter,Maokai,true,2
6491552380,Kirei sama,Elise,true,9
6491475950,GO RagoshixD123,Renekton,true,3
6490293807,Lord Lunddorf,Renekton,true,1
6490186218,Anathemas,Dr. Mundo,true,0
6489976983,I Love Uber Eats,Ornn,true,4
6489833963,qweqwert,Jax,true,13
6488828838,Agurin,Karma,true,1
6488781729,old Fulis,Fiora,true,7
6741072401,sh0ckr0id,Gwen,true,5
6738051953,tie999,Tahm Kench,true,8
6737853209,FratiiSoca,Garen,true,16
6737681338,Kirschsaftaroma,Malzahar,true,19
6731077821,VenomBoogie,Shen,true,5
6729335518,TO0NGA,Camille,true,8
6729268844,ponZ,Shen,true,10
6728416204,KarlIrgendwas,Briar,true,1
6727657461,WinnorGender,Camille,true,13
6717654026,Only i in team,Ornn,true,7
6716199937,jfkasl,Malphite,true,4
6714005902,Abysus,Renekton,true,10
6712445101,TDF Xenon,Trundle,true,2
6712291656,Mother K1ller,Camille,true,7
6711158129,Mr Socko,Poppy,true,6
6711131001,Lvilisserter,Vladimir,true,3
6711119962,Big purple balls,Lissandra,true,6
6711027944,olkhp,Yone,true,28
6710972842,Romántico,Trundle,true,3
6709937358,Zedefti,Zed,true,15
6709822477,lllIIIIllIllIl,Aatrox,true,8
6709704340,Arkonore,Fiora,true,11
6709126324,imohetep,Tryndamere,true,9
6709049780,Mobiste,Warwick,true,4
6708948935,Doolan,Riven,true,11
6708451590,Mudaslu,Mordekaiser,true,7
6706270317,Rawr Nielson,Aatrox,true,4
6706249915,Mightv,Fiora,true,1
6705692764,MidDucker,Fiora,true,4
6704764365,GOT PERMA BANNE,Olaf,true,8
6702758217,Friend of Teemo,Garen,true,9
6697493699,toridi,Yasuo,true,3
6697425547,st Joe,Gwen,true,10
6697153786,Jonesith3rr,Malphite,true,2
6695510378,time2feeddaplebs,Irelia,true,8
6695453911,Traktor69,Irelia,true,5
6695311164,MichellyLs,Jax,true,16
6694776623,malekit 01 ,Darius,true,6
6542499036,DeadlyLobster,Volibear,true,8
6542450876,tissemandimunden,Ornn,true,3
6541737256,Vaselina18,Teemo,true,1
6538261884,Thresh c137,Shaco,true,1
6538167570,Doctor Mateo,Mordekaiser,true,12
6538097134,Terkhal,Ryze,true,7
6537998035,Hüsedüse,Jax,true,1
6537276662,iKAlvin,Garen,true,5
6536669432,Hadessama,Urgot,true,13
6536293769,NASENBäER,Aatrox,true,6
6535444006,CeLeBroN1,Camille,true,19
6535076256,Pimpoz,Yone,true,4
6534945267,Jeppe Schøitt,Heimerdinger,true,9
6534901581,vao02,Garen,true,13
6534824292,KHJSAJUDIJKASNDA,Akali,true,13
6533794271,I Call Haxx,Naafiri,true,2
6532998748,Totorot,Camille,true,3
6532301973,trampolinni,Heimerdinger,true,3
6532181715,KawaiiSlayer uwu,Illaoi,true,5
6531851796,KRIVENS,Mordekaiser,true,9
6531654676,cestchouette,Darius,true,9
6530457845,Gelatô,Naafiri,true,3
6530337110,Q Q Waaard W R,Dr. Mundo,true,6
6530221183,Alc0r,Irelia,true,9
6529770326,Alc0r,Irelia,true,10
6529607713,Minah32,Renekton,true,8
6527948321,Ireliaa,Riven,true,18
6527879605,walou soIitaire,Warwick,true,7
6526772164,PumaˉDˉAce,Malphite,true,2
6526618896,Duaturlies,Renekton,true,0
6525882707,FNC Starfoullah,Garen,true,19
6525265956,ThoLho,Kled,true,12
6525190021,me da amnsieda,Aatrox,true,16
6525026666,Fleyyyyy,Kled,true,10
6523297732,SonYic,Teemo,true,8
6522918547,NightKikyo,Garen,true,9
6522789768,Patofeu,Nasus,true,3
6522438310,I BEG U 4 HUMANS,Tahm Kench,true,9
6521763747,Primix,Malphite,true,5
6521342445,HARRISA SPITTER,Warwick,true,15
6520799623,YourAssDestroyed,Kayle,true,2
6520543183,Shurikεn Flip,Darius,true,15
6519899415,Xannevalem,Heimerdinger,true,6
6519830739,CSN7,Vladimir,true,2
6519704719,Wayzixoo,Darius,true,10
6519683056,45CM DAMARLI,Garen,true,1
6519488065,findorb,Aatrox,true,10
6519032187,PataNauskis,Malphite,true,3
6517954224,Alc0r,Ahri,true,10
6517808100,General Dad,Irelia,true,10
6517450999,SpearHit,Kled,true,5
6517298111,KupkaKiiwii,Olaf,true,3
6517219164,Sollolleveling,Malphite,true,2
6516893253,DanielMG,Tahm Kench,true,11
6513605410,H0NOR,Jax,true,4
6513585080,IightYagami,Swain,true,2
6509469294,Zavg,Kayle,true,7
6509296730,Runenmagier,Garen,true,5
6508166183,explocraft,Kled,true,9
6508021287,Svember,Dr. Mundo,true,5
6507592904,KYoJu,Gwen,true,4
6506984355,DericLee,Volibear,true,5
6506684888,Tëemo,Gragas,true,0
6506652737,Don PaquiTo,Cassiopeia,true,13
6506595121,MrDirtcrush,Nasus,true,7
6506532353,Linguistice,Ryze,true,4
6506441393,69OrnnlyFans69,Ornn,true,3
6505818897,zvkamz,Yone,true,2
6501904324,Fluran,Ivern,true,3
6321352878,ryukklovesapples,Garen,true,5
6321290126,Julolasoupe,Riven,true,5
6321181534,MetrosGamer,Udyr,true,2
6319683784,Brisque,Malphite,true,0
6319246057,XΔŁ,Tristana,true,12
6319133209,Alc0r,Malphite,true,3
6317271232,Yitamarme,Sejuani,true,0
6315535344,MyNameIsNehqo,Jax,true,5
6315481327,EmbroDK,Wukong,true,2
6315437021,Chikako Kudo,Varus,true,8
6315400593,TheWorstFakeGold,Ornn,true,2
6315353872,Taxe Foncière ,Ornn,true,3
6315277549,uzvmtaff,Akali,true,15
6315240734,fearlesfighter23,Kled,true,20
6315027309,Jazianuriana,Nasus,true,7
6315021079,ˆUwUˇ Tome,Yorick,true,1
6313468513,Suffering Kitten,Malphite,true,6
6313007633,Kalachnikov,Urgot,true,7
6312804110,GodferywRfEvH,Sion,true,6
6312746227,No es Barbian,Aatrox,true,6
6312671711,Riolucariolu,Poppy,true,5
6312620768,Zukotoari,Kennen,true,8
6312569731,SirMimo,Irelia,true,4
6309844529,Rεvεn,Olaf,true,8
6309822767,4rgonag,Cho'Gath,true,0
6309698877,TRooK,Mordekaiser,true,11
6309609204,RookieJungler420,Mordekaiser,true,6
6308994590,Swifthey,Irelia,true,9
6307444015,blubbasaur,Malphite,true,5
6303445213,Pierre Panade,Camille,true,8
6303326699,CapitanulJunior,Olaf,true,7
6302410242,Kîmetsu no Yaiba,Vladimir,true,17
6300444951,Shanks Le Roux,Olaf,true,7
6299843365,Tristnal,Tahm Kench,true,7
6299633613,Aldadervan,Ornn,true,9
6299593823,Lαηy,Jax,true,5
6296996381,theb,Fiora,true,13
6295283614,WOCAO BIN wocao,Jax,true,13
6295238816,throwll,Zac,true,6
6293929244,XXX Diff,Sion,true,8
6291021233,Malzaharinho OTP,Malzahar,true,4
6290879525,sausagecheese2,Kayle,true,6
6290512696,Xpecegenius,Jax,true,12
6290447906,Jiizex,Riven,true,16
6290390719,I DoubleG I,Darius,true,12
6289346165,stainsin,Mordekaiser,true,11
6289291111,Retired DOG,Pantheon,true,16
6289157428,TheJumpingfFrog,Sion,true,10
6289104793,Bloomlike,Poppy,true,4
6289046886,JosephPraline,Garen,true,10
6289032994,Midor1ya,Irelia,true,0
6288985263,Schrödinger125,Urgot,true,14
6288712517,4444ZeDPrO4444,Sion,true,4
6288646884,i gank your jg,Darius,true,3
6288618653,blodignico123,Aatrox,true,1
6288573048,OCB König,Tryndamere,true,6
6288452320,Tremic,Yone,true,20
6288355995,Mind Sniper,Kayle,true,9
6288311171,maxime0088,Sett,true,3
6288300801,Igorira,Syndra,true,0
6288200616,Saneru San San,Yone,true,18
6288144045,Skeers,Shen,true,3
6287945913,SarahWalkér,Rengar,true,7
6287880088,Dyvern,Mordekaiser,true,7
6287758237,qxfhlx,Mordekaiser,true,9
6287214953,MACHINNE,Sion,true,2
6287138911,Raii EUW,Irelia,true,12
6287090510,julle9,Katarina,true,15
6286862617,julle9,Sion,true,4
6286813583,1 avion 2 Tours,Dr. Mundo,true,3
6286757306,Foxiηe,Illaoi,true,4
6286722590,DJONLY,Udyr,true,11
6286402572,Belcaly,Illaoi,true,5
6286147278,cxkwoshinigege,Mordekaiser,true,10
6286123401,stazyh,Fiora,true,11
6286108900,Prorab228,Fiora,true,8
6286028710,Makosz,Poppy,true,7
6285972161,FormatHDD,Pantheon,true,11
6285721479,petzz0n,Trundle,true,8
6285399045,De Arjan,Gwen,true,6
6285208478,GodBlessBaby,Teemo,true,12
6285042174,Jennelvodun,Garen,true,1
6284187567,STREAMEZ STRATOS,Jax,true,12
6283915572,Fallen kats,Darius,true,6
6283843038,UNDERAGELUVR,Irelia,true,9
6283647948,DobbyTheGoat,Shen,true,2
6283599906,Thapu,Ornn,true,6
6283536979,BoofyBoy,Shen,true,11
6283033244,Yanndoudidou,Garen,true,6
6282794939,Lyhaedy,Mordekaiser,true,15
6282657223,Tiger Sauer,Olaf,true,3
6282431970,Trickfuly,Yorick,true,2
6282376996,GGT2Soul,Gragas,true,8
6281602043,ElCuraCachondo,Ornn,true,2
6281590484,Zneks,Mordekaiser,true,2
6281471200,IWantSettsLoad,Sion,true,1
6281300508,akirafromkanada,Sion,true,9
6280865541,vamos is here,Mordekaiser,true,11
6280216394,åaå,Garen,true,12
6280176716,Im Nezuko,Irelia,true,16
6279954194,Captain K,Jax,true,8
6279862059,hazeVayne,Sion,true,4
6279442531,El Zigounette,Urgot,true,1
6279074183,Anivia IsNot KFC,Anivia,true,8
6279027135,DR NEDELJKOVIC,Irelia,true,5
6278961533,Full Tilt,Kayle,true,21
6278752511,Norsenmag,K'Sante,true,9
6278559339,Asol o Mar,Akshan,true,10
6278456550,GrafVonPappen,Sion,true,5
6278373713,1Beast,Teemo,true,4
6278285885,kjnofgboi,Gangplank,true,10
6278236160,Kozilek Wrath,Olaf,true,15
6277403626,Sing yu,Aurelion Sol,true,9
6277145714,Helbion,Jax,true,8
6276715339,King Dunkamere,Quinn,true,5
6276297253,Mirafretted,Aatrox,true,15
6276220530,Mister Univers,Jax,true,4
6276067992,Enhancer,Shen,true,6
6276000826,Crocadiv,Rengar,true,9
6275467240,UwU Kindred,Camille,true,19
6275378444,Reizend,Aatrox,true,4
6274854685,FussyFuss,Illaoi,true,1
6274775200,USAF,Dr. Mundo,true,10
6274640709,SandriniAkaPepe,Cho'Gath,true,3
6274569258,MrNiceGuy,Urgot,true,14
6274317642,ervilha doce,Sett,true,17
6274240267,Pipi de sej,Jax,true,9
6274191758,Avrilis,K'Sante,true,8
6274142486,SmurfValon,Sion,true,3
6272680334,FyrstenRolffy,Vayne,true,6
6272614125,dumb res,Aatrox,true,0
6272578900,Diocaulaf,Kled,true,4
6272143544,Akasuna99,Master Yi,true,16
6271995414,Kral Krex,Mordekaiser,true,8
6271940484,Ombe,Irelia,true,10
6271412508,kakadue1,Aatrox,true,3
6271272999,SerranítoDePollo,Sion,true,1
6271222833,Rogue Shark,Akshan,true,8
6271116112,M3thRevenge,Udyr,true,5
6271073568,HeaPton,Jax,true,13
6271037763,taylor swift guy,Yasuo,true,6
6270721395,Hotus Rokmah69,K'Sante,true,13
6270703276,Devnegall,Jax,true,3
6270651371,Nixck,Kayle,true,4
6270607277,Benjαmin,Teemo,true,11
6270498292,Ankit,Dr. Mundo,true,7
6270224975,Im ADC Demon,Tristana,true,12
6269973986,Morghost,Sett,true,9
6269708669,Uluyeppyr,Warwick,true,10
6269647634,vNHiram,Sett,true,7
6269602295,Ung Jens,Sett,true,9
6268857817,Slendermandu30,Garen,true,7
6268754211,mxrvin187,Illaoi,true,5
6268631479,Fais Bizous,Illaoi,true,11
6267070897,WL elwhysker,Gangplank,true,4
6266422555,KÂNO,Yorick,true,9
6265733392,TeemoShrooms9k,Teemo,true,4
6264971302,TeemoShrooms9k,Teemo,true,11
6264311248,TeemoShrooms9k,Teemo,true,7
6264266944,void03,Irelia,true,2
6263996755,TeemoShrooms9k,Teemo,true,7
6263019511,lvcrieki42,Vayne,true,12
6262939092,Ainder,Urgot,true,11
6261799490,TeemoShrooms9k,Teemo,true,8
6261588420,Lee3roy,Illaoi,true,3
6261526620,lostinpiece69,Viktor,true,7
6261387748,Curry Kong,Kayle,true,7
6260289980,xXPhEnIxXDXx,Sion,true,2
6260232789,nYMarina,Shaco,true,17
6260134360,Dauoniatada,Gangplank,true,16
6259517610,Diastaron,Shen,true,5
6259457881,PFA Pupaloujah,Sion,true,5
6259266249,RainMarques,Illaoi,true,14
6258317533,Perde Pilavı,Aatrox,true,6
6258257229,Kjolord,Gwen,true,8
6258186437,Maingerse,Darius,true,12
6257531696,Repré,Illaoi,true,3
6257087183,Thaernati,Kled,true,6
6256341103,Shmaïkel,Sett,true,6
6255766873,KAKAPIPI69420,Sett,true,6
6253817285,PnesStation5,Dr. Mundo,true,6
6253637511,TheNoobSląyer,Singed,true,9
6253597495,DomeDome,Garen,true,7
6251210383,Kyoto Shogun,Mordekaiser,true,13
6250867873,TFG Mastur,Yasuo,true,9
6249716005,Bélialuin,Irelia,true,5
6248497120,Xndonian,Riven,true,7
6248259687,Sir Hexxodos,Aatrox,true,8
6248128032,Hashíra,Lillia,true,10
6248046886,ulrrih,Mordekaiser,true,7
6247860602,Endeavor I,Darius,true,15
6247826468,Happy Noodle Boy,Olaf,true,13
6247777262,PowerHans98,Urgot,true,5
6247743978,Scarabosse dorée,Garen,true,8
6247713459,TheAirydas909,Sion,true,3
6247673110,toterma,Sett,true,9
6247367437,91AtomicBomb,K'Sante,true,6
6247261700,Matsell,Warwick,true,5
6247083649,Posemoonbank,Akali,true,3
6246793163,I never learn,Illaoi,true,5
6245332439,RuS Ema,Fiora,true,19
6245249279,Cocomadness,Sion,true,1
6244697108,SoldMySoul4Zo3y,Irelia,true,13
6244606206,JBO Ulduar,Darius,true,2
6244475375,Burst99,Aatrox,true,4
6243830858,Lilthinnancy,Jax,true,0
6242887999,OpTi Julian,Quinn,true,4
6241311914,Pugdog,Urgot,true,7
6240998994,bobbmarley,Darius,true,6
6240984660,AdmiralRaiden,Ornn,true,2
6240964731,TwiiistV,Zac,true,4
6240740444,LittlePenguin7,Jax,true,2
6240732408,Timmes,Darius,true,0
6240694721,Spirits of Death,Yasuo,true,4
6240315261,Nahbruh,Gangplank,true,0
6240214320,MaleViril,Dr. Mundo,true,1
6239187328,MihawkeNn,Tryndamere,true,1
6238876331,Pinties,Aatrox,true,10
6238745501,Nediam,Singed,true,6
6238175540,tamamskii,Udyr,true,1
6237200120,BlackSkyy,Yorick,true,5
6237042672,Jestkui Paren,Garen,true,6
6236961352,Regford ,Teemo,true,12
